{
  "classes":13,
  "label":[
     "beam",
     "board",
     "bookcase",
     "ceiling",
     "chair",
     "clutter",
     "column",
     "door",
     "floor",
     "sofa",
     "table",
     "wall",
     "window"
  ],
  "palette":[
    [241, 162, 142],
    [91, 115, 126],
    [235, 60, 50],
    [244, 253, 113],
    [0, 25, 135],
    [234, 234, 234],
    [109, 171, 163],
    [119, 141, 75],
    [116, 167, 221],
    [91, 32, 112],
    [84, 84, 84],
    [181, 125, 83],
    [102, 219, 66],
    [0,0,0]],
  "mean":[
    73.158359210711552,
    82.908917542625858,
    72.392398761941593],
  "std":[
    47.675755341814678,
    48.494214368814916,
    47.736546325441594]
}