{
  "classes":8,
  "label2train":[
    [0, 255],
    [1, 13],
    [2, 11],
    [3, 18],
    [4, 255],
    [5, 255],
    [6, 255],
    [7, 255],
    [8, 255]
  ],
  "label":[
    "unlabeled",
    "car",
    "person",
    "bike",
    "curve",
    "car_stop",
    "guardrail",
    "color_cone",
    "bump"],
  "palette":[
    [0,0,0],
    [0,0,142],
    [220,20,60],
    [119,11,32],
    [0,0,0],
    [0,0,0],
    [0,0,0],
    [0,0,0],
    [0,0,0]],
  "mean":[
    73.158359210711552,
    82.908917542625858,
    72.392398761941593],
  "std":[
    47.675755341814678,
    48.494214368814916,
    47.736546325441594]
}