{
  "classes":14,
  "2d3d2sun": [
    [0, 0],
    [1, 0],
    [2, 0],
    [3, 3],
    [4, 4],
    [5, 0],
    [6, 0],
    [7, 0],
    [8, 5],
    [9, 9],
    [10, 10],
    [11, 12],
    [12, 13],
    [13, 0]
  ],
  "2d3d2common": [
    [0, 255],
    [1, 255],
    [2, 255],
    [3, 0],
    [4, 1],
    [5, 255],
    [6, 255],
    [7, 255],
    [8, 2],
    [9, 3],
    [10, 4],
    [11, 5],
    [12, 6],
    [255, 255]
  ],
  "sun2common": [
    [1, 255],
    [2, 255],
    [3, 0],
    [4, 1],
    [5, 2],
    [6, 255],
    [7, 255],
    [8, 255],
    [9, 3],
    [10, 4],
    [11, 255],
    [12, 5],
    [13, 6],
    [0, 255]
  ],
  "2d3d_label":[
    "Bed",
    "Books",
    "Ceiling",
    "Chair",
    "Floor",
    "Furniture",
    "Objects",
    "Picture",
    "Sofa",
    "Table",
    "TV",
    "Wall",
    "Window"
  ],
  "sun_label":[
    "<void>",
    "bed",
    "books",
    "ceiling",
    "chair",
    "floor",
    "furniture",
    "objects",
    "picture",
    "sofa",
    "table",
    "tv",
    "wall",
    "window"
  ],
  "sun-2d3d-common-label":[
    "ceiling",
    "chair",
    "floor",
    "sofa",
    "table",
    "wall",
    "window",
    "<void>"
  ],
  "palette":[
    [241, 162, 142],
    [91, 115, 126],
    [235, 60, 50],
    [244, 253, 113],
    [0, 25, 135],
    [234, 234, 234],
    [109, 171, 163],
    [119, 141, 75],
    [116, 167, 221],
    [91, 32, 112],
    [84, 84, 84],
    [181, 125, 83],
    [102, 219, 66],
    [0,0,0]],
  "mean":[
    73.158359210711552,
    82.908917542625858,
    72.392398761941593],
  "std":[
    47.675755341814678,
    48.494214368814916,
    47.736546325441594]
}